{"cameraMode":{"drawMode":0,"name":"Shaded","section":"Shading Mode"},"sceneLighting":true,"audioPlay":false,"sceneViewState":{"showFog":true,"showMaterialUpdate":false,"showSkybox":true,"showFlares":true,"showImageEffects":true,"showParticleSystems":true},"in2DMode":false,"pivot":{"x":-0.08069968223571778,"y":0.3031005859375,"z":0.7613625526428223},"rotation":{"x":0.2143237292766571,"y":-0.0023423118982464077,"z":0.0005142599111422896,"w":0.9767603278160095},"size":30.27259635925293,"orthographic":false}