{"cameraMode":{"drawMode":0,"name":"Shaded","section":"Shading Mode"},"sceneLighting":false,"audioPlay":false,"sceneViewState":{"showFog":true,"showMaterialUpdate":false,"showSkybox":false,"showFlares":true,"showImageEffects":true,"showParticleSystems":true},"in2DMode":false,"pivot":{"x":0.8096992373466492,"y":1.8315610885620118,"z":1.46831214427948},"rotation":{"x":0.0366252064704895,"y":0.7263492941856384,"z":-0.03882448747754097,"w":0.6852587461471558},"size":9.552160263061524,"orthographic":false}